,instance,cancelled,swaps,delayed,total_delay
1,1,1,1,103,3002
2,2,1,3,18,597
3,3,1,3,138,7671
4,4,1,3,100,4862
5,5,1,5,105,3052
6,6,1,6,194,1.009e+04
7,7,1,1,195,9849
8,8,1,5,141,8176
9,9,1,3,63,1612
10,10,1,7,270,2.831e+04
11,11,1,6,196,9856
12,12,1,8,114,3971
13,13,1,4,223,1.167e+04
14,14,1,4,255,2.118e+04
15,15,1,8,281,1.979e+04
16,16,1,21,119,4150
17,17,1,23,39,1885
18,18,0,49,227,2.754e+04
19,19,1,55,286,4.772e+04
20,20,1,19,120,4533
21,21,1,43,275,2.948e+04
22,22,1,31,250,1.892e+04
23,23,1,35,239,2.893e+04
24,24,1,19,123,6509
25,25,3,74,295,4.359e+04
26,26,1,50,276,2.958e+04
27,27,1,33,265,1.723e+04
28,28,36,154,365,5.902e+04
29,29,65,105,356,6.378e+04
30,30,63,118,394,6.178e+04
